nombre_equipo,nit,new_id,participacion,categoria
dataton_owners,800037800,new27713,No_aplica,Descartable
dataton_owners,900215071,new49138,No_aplica,Descartable
dataton_owners,860032909,new89165,No_aplica,Descartable
dataton_owners,860035827,new18781,No_aplica,Descartable
dataton_owners,890203088,new58708,Cliente,Macroeconomia
dataton_owners,860051135,new19378,Sector,Macroeconomia
dataton_owners,900406150,new92490,No_aplica,Descartable
dataton_owners,900378212,new90858,No_aplica,Descartable
dataton_owners,860051135,new55361,No_aplica,Descartable
dataton_owners,860002964,new18271,Cliente,Macroeconomia
dataton_owners,860005216,new38520,No_aplica,Descartable
dataton_owners,860034594,new72522,Cliente,Macroeconomia
dataton_owners,860034313,new36193,No_aplica,Descartable
dataton_owners,900378212,new27434,No_aplica,Descartable
dataton_owners,860005216,new99978,No_aplica,Descartable
dataton_owners,800091063,new80450,Sector,Macroeconomia
dataton_owners,860034313,new85888,No_aplica,Descartable
dataton_owners,860034313,new85891,No_aplica,Descartable
dataton_owners,800091063,new69093,No_aplica,Descartable
dataton_owners,860002964,new36151,Cliente,Macroeconomia
dataton_owners,900378212,new39745,Sector,Macroeconomia
dataton_owners,900047981,new42293,Sector,Regulaciones
dataton_owners,900047981,new61589,Sector,Macroeconomia
dataton_owners,860002964,new93489,No_aplica,Descartable
dataton_owners,860002964,new75584,No_aplica,Descartable
dataton_owners,860034313,new28551,No_aplica,Descartable
dataton_owners,860005216,new69101,Cliente,Macroeconomia
dataton_owners,860054041,new96574,No_aplica,Descartable
dataton_owners,900215071,new73700,Sector,Macroeconomia
dataton_owners,900628110,new94340,No_aplica,Descartable
dataton_owners,900047981,new54601,No_aplica,Descartable
dataton_owners,900628110,new97129,No_aplica,Descartable
dataton_owners,860003020,new11299,No_aplica,Descartable
dataton_owners,860051135,new97195,No_aplica,Descartable
dataton_owners,900378212,new51914,No_aplica,Descartable
dataton_owners,860005216,new13876,No_aplica,Descartable
dataton_owners,860005216,new11908,No_aplica,Descartable
dataton_owners,900378212,new19111,No_aplica,Descartable
dataton_owners,900378212,new39586,No_aplica,Descartable
dataton_owners,900378212,new40609,No_aplica,Descartable
dataton_owners,860002964,new46395,No_aplica,Descartable
dataton_owners,860051135,new48118,No_aplica,Descartable
dataton_owners,860005216,new20019,Sector,Macroeconomia
dataton_owners,860003020,new78280,Sector,Macroeconomia
dataton_owners,860005216,new28152,No_aplica,Descartable
dataton_owners,900378212,new80544,No_aplica,Descartable
dataton_owners,900378212,new31456,No_aplica,Descartable
dataton_owners,800091063,new91579,No_aplica,Descartable
dataton_owners,860054041,new70241,Cliente,Macroeconomia
dataton_owners,800037800,new55069,No_aplica,Descartable
dataton_owners,800037800,new24350,Sector,Macroeconomia
dataton_owners,860034313,new87517,Cliente,Macroeconomia
dataton_owners,860002964,new34631,No_aplica,Descartable
dataton_owners,800037800,new76889,No_aplica,Descartable
dataton_owners,860005216,new91722,Cliente,Macroeconomia
dataton_owners,800037800,new11377,No_aplica,Descartable
dataton_owners,860007738,new31001,Cliente,Macroeconomia
dataton_owners,800037800,new71462,Cliente,Macroeconomia
dataton_owners,860005216,new93769,Cliente,Macroeconomia
dataton_owners,860002964,new38205,Cliente,Macroeconomia
dataton_owners,800091063,new32676,No_aplica,Descartable
dataton_owners,900628110,new86912,Sector,Innovacion
dataton_owners,800037800,new19593,No_aplica,Descartable
dataton_owners,900378212,new51975,Sector,Macroeconomia
dataton_owners,860034594,new52038,Cliente,Sostenibilidad
dataton_owners,900378212,new94579,No_aplica,Descartable
dataton_owners,860051135,new15335,Sector,Macroeconomia
dataton_owners,860003020,new38676,No_aplica,Descartable
dataton_owners,800091063,new33351,No_aplica,Descartable
dataton_owners,800091063,new90633,No_aplica,Descartable
dataton_owners,800091063,new31236,No_aplica,Descartable
dataton_owners,800091063,new85477,No_aplica,Descartable
dataton_owners,860003020,new39984,No_aplica,Descartable
dataton_owners,900628110,new25455,No_aplica,Descartable
dataton_owners,860034313,new73944,No_aplica,Descartable
dataton_owners,900378212,new84647,No_aplica,Descartable
dataton_owners,900378212,new34485,No_aplica,Descartable
dataton_owners,860051135,new45128,No_aplica,Descartable
dataton_owners,860054041,new49763,No_aplica,Descartable
dataton_owners,900628110,new59440,Sector,Macroeconomia
dataton_owners,860005216,new80035,Cliente,Alianzas
dataton_owners,800091063,new92676,Sector,Macroeconomia
dataton_owners,900378212,new10980,No_aplica,Descartable
dataton_owners,860034594,new87749,No_aplica,Descartable
dataton_owners,900628110,new55311,No_aplica,Descartable
dataton_owners,860002964,new81778,Cliente,Sostenibilidad
dataton_owners,900628110,new30833,No_aplica,Descartable
dataton_owners,860034594,new67997,No_aplica,Descartable
dataton_owners,860002964,new51062,Cliente,Sostenibilidad
dataton_owners,800091063,new99788,No_aplica,Descartable
dataton_owners,860007738,new23124,No_aplica,Descartable
dataton_owners,860005216,new24146,No_aplica,Descartable
dataton_owners,800037800,new73504,No_aplica,Descartable
dataton_owners,900628110,new80793,No_aplica,Descartable
dataton_owners,860051135,new58324,No_aplica,Descartable
dataton_owners,900378212,new95032,No_aplica,Descartable
dataton_owners,900378212,new84790,No_aplica,Descartable
dataton_owners,900047981,new60666,No_aplica,Descartable
dataton_owners,860002964,new75640,Cliente,Macroeconomia
dataton_owners,900215071,new16364,Sector,Macroeconomia
dataton_owners,860005216,new63012,No_aplica,Descartable
dataton_owners,860025971,new10525,Sector,Macroeconomia
dataton_owners,800091063,new76362,Sector,Macroeconomia
dataton_owners,900378212,new20909,No_aplica,Descartable
dataton_owners,900628110,new43871,No_aplica,Descartable
dataton_owners,860051135,new82935,No_aplica,Descartable
dataton_owners,900406150,new61760,No_aplica,Descartable
dataton_owners,900047981,new40260,No_aplica,Descartable
dataton_owners,860002964,new99591,No_aplica,Descartable
dataton_owners,900047981,new89380,No_aplica,Descartable
dataton_owners,860005216,new76307,Cliente,Macroeconomia
dataton_owners,900378212,new94961,No_aplica,Descartable
dataton_owners,860003020,new80959,No_aplica,Descartable
dataton_owners,800091063,new85936,No_aplica,Descartable
dataton_owners,860005216,new20046,Sector,Macroeconomia
dataton_owners,900378212,new84710,Sector,Macroeconomia
dataton_owners,900215071,new96404,Sector,Macroeconomia
dataton_owners,800091063,new56786,No_aplica,Descartable
dataton_owners,900628110,new52957,No_aplica,Descartable
dataton_owners,900047981,new72944,No_aplica,Descartable
dataton_owners,860051135,new36933,Sector,Macroeconomia
dataton_owners,900406150,new88402,No_aplica,Descartable
dataton_owners,900378212,new65183,No_aplica,Descartable
dataton_owners,860034594,new72098,Cliente,Innovacion
dataton_owners,800091063,new25146,No_aplica,Descartable
dataton_owners,860051135,new18442,No_aplica,Descartable
dataton_owners,860051135,new66526,Sector,Macroeconomia
dataton_owners,900378212,new84620,Sector,Innovacion
dataton_owners,900628110,new89815,No_aplica,Descartable
dataton_owners,800037800,new23687,No_aplica,Descartable
dataton_owners,860005216,new77364,No_aplica,Descartable
dataton_owners,860005216,new81471,No_aplica,Descartable
dataton_owners,860003020,new24596,No_aplica,Descartable
dataton_owners,860034313,new20748,Cliente,Macroeconomia
dataton_owners,860054041,new33104,Cliente,Sostenibilidad
dataton_owners,900378212,new47230,No_aplica,Descartable
dataton_owners,860051135,new95137,No_aplica,Descartable
dataton_owners,860025971,new53546,Cliente,Sostenibilidad
dataton_owners,860034594,new24967,Cliente,Macroeconomia
dataton_owners,900628110,new47982,No_aplica,Descartable
dataton_owners,900215071,new26558,Sector,Innovacion
dataton_owners,900628110,new36926,No_aplica,Descartable
dataton_owners,860051135,new84047,No_aplica,Descartable
dataton_owners,900378212,new84782,No_aplica,Descartable
dataton_owners,900628110,new78704,No_aplica,Descartable
dataton_owners,900047981,new83838,No_aplica,Descartable
dataton_owners,860025971,new10507,No_aplica,Descartable
dataton_owners,860005216,new91652,No_aplica,Descartable
dataton_owners,900378212,new49153,Sector,Macroeconomia
dataton_owners,800037800,new11327,No_aplica,Descartable
dataton_owners,860051135,new39057,No_aplica,Descartable
dataton_owners,800037800,new11424,No_aplica,Descartable
dataton_owners,860003020,new76861,Sector,Macroeconomia
dataton_owners,860002964,new98106,No_aplica,Descartable
dataton_owners,860005216,new81395,Sector,Macroeconomia
dataton_owners,860034313,new10461,Cliente,Macroeconomia
dataton_owners,860034313,new57246,Sector,Macroeconomia
dataton_owners,900378212,new29310,No_aplica,Descartable
dataton_owners,900628110,new22636,No_aplica,Descartable
dataton_owners,860005216,new22017,No_aplica,Descartable
dataton_owners,800037800,new21697,No_aplica,Descartable
dataton_owners,860005216,new90275,Cliente,Alianzas
dataton_owners,900381786,new94730,No_aplica,Descartable
dataton_owners,900628110,new23399,No_aplica,Descartable
dataton_owners,800091063,new37379,Sector,Macroeconomia
dataton_owners,800091063,new23107,No_aplica,Descartable
dataton_owners,800037800,new73510,No_aplica,Descartable
dataton_owners,900628110,new13165,No_aplica,Descartable
dataton_owners,900215071,new45496,No_aplica,Descartable
dataton_owners,900628110,new14038,No_aplica,Descartable
dataton_owners,800091063,new11732,No_aplica,Descartable
dataton_owners,900047981,new85282,No_aplica,Descartable
dataton_owners,860034594,new90977,Cliente,Sostenibilidad
dataton_owners,860005216,new61008,Cliente,Macroeconomia
dataton_owners,900215071,new67535,Sector,Macroeconomia
dataton_owners,800037800,new31830,No_aplica,Descartable
dataton_owners,800091063,new87483,No_aplica,Descartable
dataton_owners,900378212,new58119,No_aplica,Descartable
dataton_owners,860005216,new81498,No_aplica,Descartable
dataton_owners,900628110,new67300,No_aplica,Descartable
dataton_owners,860050750,new59581,Sector,Macroeconomia
dataton_owners,860003020,new53003,No_aplica,Descartable
dataton_owners,800091063,new13715,No_aplica,Descartable
dataton_owners,860005216,new42534,No_aplica,Descartable
dataton_owners,860002964,new71514,No_aplica,Descartable
dataton_owners,860007738,new88670,Cliente,Macroeconomia
dataton_owners,860034594,new24255,No_aplica,Descartable
dataton_owners,900628110,new12341,No_aplica,Descartable
dataton_owners,860003020,new25032,No_aplica,Descartable
dataton_owners,900378212,new43812,No_aplica,Descartable
dataton_owners,860051135,new50158,Sector,Macroeconomia
dataton_owners,860005216,new50796,No_aplica,Descartable
dataton_owners,860034594,new11111,Cliente,Alianzas
dataton_owners,900628110,new62350,No_aplica,Descartable
dataton_owners,800037800,new80988,No_aplica,Descartable
dataton_owners,860002964,new63346,No_aplica,Descartable
dataton_owners,860005216,new99982,No_aplica,Descartable
dataton_owners,900628110,new76751,No_aplica,Descartable
dataton_owners,860002964,new54481,No_aplica,Descartable
dataton_owners,860007738,new74331,No_aplica,Descartable
dataton_owners,900628110,new76699,No_aplica,Descartable
dataton_owners,800037800,new19622,No_aplica,Descartable
dataton_owners,900378212,new97000,No_aplica,Descartable
dataton_owners,860002964,new55144,No_aplica,Descartable
dataton_owners,860034313,new13666,No_aplica,Descartable
dataton_owners,860005216,new97872,No_aplica,Descartable
dataton_owners,900628110,new60290,Sector,Macroeconomia
dataton_owners,900378212,new41643,Sector,Macroeconomia
dataton_owners,900378212,new66261,No_aplica,Descartable
dataton_owners,800037800,new93279,No_aplica,Descartable
dataton_owners,900047981,new27903,No_aplica,Descartable
dataton_owners,860002964,new36718,No_aplica,Descartable
dataton_owners,860051135,new37789,No_aplica,Descartable
dataton_owners,860054041,new65848,No_aplica,Descartable
dataton_owners,860051135,new27611,Sector,Macroeconomia
dataton_owners,860005216,new92372,Cliente,Macroeconomia
dataton_owners,900378212,new12925,No_aplica,Descartable
dataton_owners,860054041,new55610,Cliente,Macroeconomia
dataton_owners,890203088,new32097,Sector,Macroeconomia
dataton_owners,800091063,new25964,No_aplica,Descartable
dataton_owners,900378212,new50868,No_aplica,Descartable
dataton_owners,800091063,new87415,No_aplica,Descartable
dataton_owners,900628110,new85732,No_aplica,Descartable
dataton_owners,860034594,new42710,Cliente,Macroeconomia
dataton_owners,860002964,new10110,Sector,Macroeconomia
dataton_owners,860051135,new34882,No_aplica,Descartable
dataton_owners,800091063,new56768,No_aplica,Descartable
dataton_owners,900378212,new47245,Cliente,Macroeconomia
dataton_owners,900628110,new13199,No_aplica,Descartable
dataton_owners,900047981,new99576,No_aplica,Descartable
dataton_owners,900628110,new52106,No_aplica,Descartable
dataton_owners,860005216,new80031,Cliente,Macroeconomia
dataton_owners,900628110,new17356,Sector,Innovacion
dataton_owners,900628110,new19295,No_aplica,Descartable
dataton_owners,900628110,new79593,No_aplica,Descartable
dataton_owners,900378212,new41094,No_aplica,Descartable
dataton_owners,800037800,new62570,Sector,Macroeconomia
dataton_owners,860005216,new32242,Sector,Macroeconomia
dataton_owners,900047981,new46330,No_aplica,Descartable
dataton_owners,860002964,new96093,Cliente,Macroeconomia
dataton_owners,860003020,new30458,No_aplica,Descartable
dataton_owners,900628110,new63603,No_aplica,Descartable
dataton_owners,900628110,new95116,No_aplica,Descartable
dataton_owners,860051135,new81993,Sector,Macroeconomia
dataton_owners,900378212,new76154,No_aplica,Descartable
dataton_owners,860003020,new30736,No_aplica,Descartable
dataton_owners,860005216,new32232,Sector,Macroeconomia
dataton_owners,900378212,new70404,No_aplica,Descartable
dataton_owners,860002964,new32567,No_aplica,Descartable
dataton_owners,860003020,new48170,Sector,Sostenibilidad
dataton_owners,800037800,new93358,No_aplica,Descartable
dataton_owners,860005216,new90274,Cliente,Innovacion
dataton_owners,900378212,new92532,No_aplica,Descartable
dataton_owners,860002964,new62733,No_aplica,Descartable
dataton_owners,860051135,new87015,No_aplica,Descartable
dataton_owners,860005216,new70179,Cliente,Macroeconomia
dataton_owners,900378212,new64185,No_aplica,Descartable
dataton_owners,900378212,new37519,No_aplica,Descartable
dataton_owners,860050750,new30922,Cliente,Macroeconomia
dataton_owners,860034313,new73058,No_aplica,Descartable
dataton_owners,860005216,new40550,No_aplica,Descartable
dataton_owners,800091063,new33350,No_aplica,Descartable
dataton_owners,860034594,new48851,No_aplica,Descartable
dataton_owners,860034594,new48848,No_aplica,Descartable
dataton_owners,860005216,new13806,Sector,Macroeconomia
dataton_owners,800091063,new67029,No_aplica,Descartable
dataton_owners,900378212,new82666,No_aplica,Descartable
dataton_owners,900406150,new92478,No_aplica,Descartable
dataton_owners,860034313,new44935,No_aplica,Descartable
dataton_owners,800091063,new79253,No_aplica,Descartable
dataton_owners,900378212,new54041,Sector,Macroeconomia
dataton_owners,900628110,new93064,No_aplica,Descartable
dataton_owners,860002964,new50439,No_aplica,Descartable
dataton_owners,890203088,new15699,Sector,Macroeconomia
dataton_owners,860002964,new96069,Sector,Sostenibilidad
dataton_owners,860002964,new17705,Sector,Macroeconomia
dataton_owners,860002964,new67394,No_aplica,Descartable
dataton_owners,900378212,new64202,No_aplica,Descartable
dataton_owners,860003020,new26386,No_aplica,Descartable
dataton_owners,800037800,new91269,No_aplica,Descartable
dataton_owners,860005216,new63117,Sector,Macroeconomia
dataton_owners,800037800,new76883,No_aplica,Descartable
dataton_owners,860002964,new58565,Sector,Macroeconomia
dataton_owners,800091063,new98226,No_aplica,Descartable
dataton_owners,900047981,new89359,No_aplica,Descartable
dataton_owners,890203088,new96747,Cliente,Macroeconomia
dataton_owners,860007738,new82188,Cliente,Macroeconomia
dataton_owners,860005216,new26239,No_aplica,Descartable
dataton_owners,860003020,new83983,No_aplica,Descartable
dataton_owners,860034313,new37080,Cliente,Macroeconomia
dataton_owners,860034313,new75933,No_aplica,Descartable
dataton_owners,900378212,new80686,No_aplica,Descartable
dataton_owners,860005216,new58985,No_aplica,Descartable
dataton_owners,900378212,new80524,No_aplica,Descartable
dataton_owners,860025971,new37097,No_aplica,Descartable
dataton_owners,900047981,new68902,No_aplica,Descartable
dataton_owners,900378212,new61093,No_aplica,Descartable
dataton_owners,900628110,new43107,No_aplica,Descartable
dataton_owners,860003020,new13335,No_aplica,Descartable
dataton_owners,800091063,new77752,No_aplica,Descartable
dataton_owners,860005216,new32323,No_aplica,Descartable
dataton_owners,900215071,new70000,No_aplica,Descartable
dataton_owners,860002964,new65390,No_aplica,Descartable
dataton_owners,860054041,new21099,Cliente,Sostenibilidad
dataton_owners,860034313,new49043,No_aplica,Descartable
dataton_owners,860035827,new53607,No_aplica,Descartable
dataton_owners,860002964,new13573,No_aplica,Descartable
dataton_owners,800037800,new44130,No_aplica,Descartable
dataton_owners,800091063,new42413,No_aplica,Descartable
dataton_owners,900378212,new49802,No_aplica,Descartable
dataton_owners,900047981,new81162,No_aplica,Descartable
dataton_owners,800037800,new50281,No_aplica,Descartable
dataton_owners,890203088,new12757,Sector,Macroeconomia
dataton_owners,900378212,new75452,No_aplica,Descartable
dataton_owners,860034594,new12723,Cliente,Macroeconomia
dataton_owners,900406150,new82243,No_aplica,Descartable
dataton_owners,900378212,new60115,No_aplica,Descartable
dataton_owners,860051135,new56304,No_aplica,Descartable
dataton_owners,900628110,new98406,No_aplica,Descartable
dataton_owners,900628110,new54164,No_aplica,Descartable
dataton_owners,900628110,new11206,Sector,Macroeconomia
dataton_owners,860034313,new43214,Cliente,Sostenibilidad
dataton_owners,860034594,new43432,Cliente,Macroeconomia
dataton_owners,800091063,new14905,No_aplica,Descartable
dataton_owners,800037800,new55065,No_aplica,Descartable
dataton_owners,860003020,new35868,No_aplica,Descartable
dataton_owners,800091063,new67510,No_aplica,Descartable
dataton_owners,860054041,new59706,Cliente,Macroeconomia
dataton_owners,860034594,new84813,No_aplica,Descartable
dataton_owners,900378212,new41750,Sector,Macroeconomia
dataton_owners,900378212,new76547,No_aplica,Descartable
dataton_owners,860051135,new31650,No_aplica,Descartable
dataton_owners,860051135,new33695,No_aplica,Descartable
dataton_owners,860034313,new12187,Cliente,Innovacion
dataton_owners,860002964,new14162,No_aplica,Descartable
dataton_owners,800037800,new66747,No_aplica,Descartable
dataton_owners,900215071,new12254,Sector,Macroeconomia
dataton_owners,860051135,new37804,No_aplica,Descartable
dataton_owners,860054041,new41587,No_aplica,Descartable
dataton_owners,900378212,new76474,No_aplica,Descartable
dataton_owners,800091063,new56765,No_aplica,Descartable
dataton_owners,800037800,new42776,No_aplica,Descartable
dataton_owners,900215071,new81871,Sector,Macroeconomia
dataton_owners,800091063,new81826,No_aplica,Descartable
dataton_owners,860051135,new61544,No_aplica,Descartable
dataton_owners,900215071,new43447,No_aplica,Descartable
dataton_owners,860002964,new56523,Sector,Macroeconomia
dataton_owners,800037800,new54390,No_aplica,Descartable
dataton_owners,860051135,new90122,Sector,Macroeconomia
dataton_owners,900628110,new58248,Sector,Macroeconomia
dataton_owners,900628110,new75509,No_aplica,Descartable
dataton_owners,900378212,new88832,Sector,Macroeconomia
dataton_owners,900047981,new74987,Sector,Macroeconomia
dataton_owners,900047981,new95460,No_aplica,Descartable
dataton_owners,860003020,new61180,No_aplica,Descartable
dataton_owners,900378212,new64319,No_aplica,Descartable
dataton_owners,860005216,new32328,No_aplica,Descartable
dataton_owners,900378212,new49898,No_aplica,Descartable
dataton_owners,900378212,new49950,No_aplica,Descartable
dataton_owners,860002964,new10748,Cliente,Macroeconomia
dataton_owners,860034313,new41244,Sector,Macroeconomia
dataton_owners,800037800,new74937,No_aplica,Descartable
dataton_owners,860003020,new63506,No_aplica,Descartable
dataton_owners,860034313,new71898,Sector,Macroeconomia
dataton_owners,900628110,new84872,No_aplica,Descartable
dataton_owners,800037800,new95405,No_aplica,Descartable
dataton_owners,890203088,new48468,Sector,Macroeconomia
dataton_owners,900047981,new59541,No_aplica,Descartable
dataton_owners,860002964,new77060,No_aplica,Descartable
dataton_owners,860003020,new72760,No_aplica,Descartable
dataton_owners,860051135,new74652,No_aplica,Descartable
dataton_owners,900628110,new15295,No_aplica,Descartable
dataton_owners,900047981,new53402,No_aplica,Descartable
dataton_owners,860051135,new45135,Sector,Macroeconomia
dataton_owners,860034313,new43221,No_aplica,Descartable
dataton_owners,860005216,new24120,No_aplica,Descartable
dataton_owners,860002964,new81160,No_aplica,Descartable
dataton_owners,860003020,new48127,No_aplica,Descartable
dataton_owners,860035827,new59756,No_aplica,Descartable
dataton_owners,860051135,new60328,No_aplica,Descartable
dataton_owners,860002964,new79157,No_aplica,Descartable
dataton_owners,800091063,new42457,No_aplica,Descartable
dataton_owners,900378212,new99997,No_aplica,Descartable
dataton_owners,860002964,new68923,No_aplica,Descartable
dataton_owners,860003020,new85048,No_aplica,Descartable
dataton_owners,900047981,new36067,No_aplica,Descartable
dataton_owners,860034313,new68962,No_aplica,Descartable
dataton_owners,800037800,new68707,No_aplica,Descartable
dataton_owners,900378212,new37241,No_aplica,Descartable
dataton_owners,800091063,new52643,No_aplica,Descartable
dataton_owners,860005216,new82125,Cliente,Macroeconomia
dataton_owners,860005216,new12816,Cliente,Macroeconomia
dataton_owners,900378212,new68414,No_aplica,Descartable
dataton_owners,900215071,new75723,No_aplica,Descartable
dataton_owners,900047981,new40826,No_aplica,Descartable
dataton_owners,800037800,new76972,No_aplica,Descartable
dataton_owners,860003020,new82992,Sector,Sostenibilidad
dataton_owners,800037800,new40094,Sector,Macroeconomia
dataton_owners,860003020,new43461,No_aplica,Descartable
dataton_owners,860054041,new82224,No_aplica,Descartable
dataton_owners,860005216,new22064,Sector,Macroeconomia
dataton_owners,800091063,new14254,No_aplica,Descartable
dataton_owners,800037800,new80964,No_aplica,Descartable
dataton_owners,860002964,new77068,No_aplica,Descartable
dataton_owners,860002964,new46295,No_aplica,Descartable
dataton_owners,860034313,new47326,Sector,Macroeconomia
dataton_owners,860005216,new59550,Cliente,Macroeconomia
dataton_owners,860005216,new65170,No_aplica,Descartable
dataton_owners,800037800,new74884,No_aplica,Descartable
dataton_owners,900381786,new36326,No_aplica,Descartable
dataton_owners,860051135,new67592,Sector,Macroeconomia
dataton_owners,860007738,new55903,No_aplica,Descartable
dataton_owners,800037800,new69416,Cliente,Macroeconomia
dataton_owners,860025971,new24823,No_aplica,Descartable
dataton_owners,860005216,new30208,No_aplica,Descartable
dataton_owners,860051135,new41950,Sector,Macroeconomia
dataton_owners,900628110,new59113,No_aplica,Descartable
dataton_owners,860051135,new43077,Sector,Macroeconomia
dataton_owners,800091063,new94726,No_aplica,Descartable
dataton_owners,860051135,new12371,Sector,Macroeconomia
dataton_owners,800037800,new54418,No_aplica,Descartable
dataton_owners,860002964,new20973,No_aplica,Descartable
dataton_owners,900378212,new23229,No_aplica,Descartable
dataton_owners,890203088,new21849,Cliente,Macroeconomia
dataton_owners,860034594,new70050,Cliente,Sostenibilidad
dataton_owners,800091063,new97666,Sector,Macroeconomia
dataton_owners,860003020,new41409,No_aplica,Descartable
dataton_owners,860003020,new50210,No_aplica,Descartable
dataton_owners,860002964,new30573,Cliente,Macroeconomia
dataton_owners,800037800,new23667,No_aplica,Descartable
dataton_owners,860034313,new84182,No_aplica,Descartable
dataton_owners,860005216,new49689,Cliente,Macroeconomia
dataton_owners,860032909,new85782,No_aplica,Descartable
dataton_owners,860002964,new98770,No_aplica,Descartable
dataton_owners,900378212,new33536,Sector,Macroeconomia
dataton_owners,860005216,new64033,Cliente,Macroeconomia
dataton_owners,900047981,new45294,Sector,Macroeconomia
dataton_owners,860005216,new16317,Cliente,Macroeconomia
dataton_owners,860003020,new97288,No_aplica,Descartable
dataton_owners,860054041,new62067,No_aplica,Descartable
dataton_owners,860007738,new65819,No_aplica,Descartable
dataton_owners,800037800,new54445,No_aplica,Descartable
dataton_owners,860003020,new64549,Sector,Macroeconomia
dataton_owners,860050750,new20665,No_aplica,Descartable
dataton_owners,890203088,new55803,Cliente,Macroeconomia
dataton_owners,860035827,new37224,No_aplica,Descartable
dataton_owners,900047981,new34015,No_aplica,Descartable
dataton_owners,860003020,new46857,No_aplica,Descartable
dataton_owners,860003020,new37922,No_aplica,Descartable
dataton_owners,900215071,new36846,No_aplica,Descartable
dataton_owners,860051135,new79999,No_aplica,Descartable
dataton_owners,860034594,new14023,No_aplica,Descartable
dataton_owners,860003020,new76228,No_aplica,Descartable
dataton_owners,900628110,new50058,No_aplica,Descartable
dataton_owners,800037800,new26400,No_aplica,Descartable
dataton_owners,860034313,new28570,No_aplica,Descartable
dataton_owners,860005216,new50679,Sector,Macroeconomia
dataton_owners,860034594,new95044,Cliente,Macroeconomia
dataton_owners,860002964,new34646,No_aplica,Descartable
dataton_owners,860050750,new14525,No_aplica,Descartable
dataton_owners,860050750,new55472,No_aplica,Descartable
dataton_owners,800091063,new54682,No_aplica,Descartable
dataton_owners,860034594,new51604,Cliente,Macroeconomia
dataton_owners,800037800,new54413,No_aplica,Descartable
dataton_owners,900628110,new43958,Sector,Macroeconomia
dataton_owners,900047981,new87932,No_aplica,Descartable
dataton_owners,860002964,new46388,No_aplica,Descartable
dataton_owners,900628110,new57079,No_aplica,Descartable
dataton_owners,860002964,new38766,Cliente,Macroeconomia
dataton_owners,900047981,new68915,No_aplica,Descartable
dataton_owners,860005216,new12819,Sector,Macroeconomia
dataton_owners,800091063,new52659,No_aplica,Descartable
dataton_owners,900378212,new88732,No_aplica,Descartable
dataton_owners,900628110,new98362,Sector,Macroeconomia
dataton_owners,860034594,new39322,Cliente,Sostenibilidad
dataton_owners,860002964,new51023,No_aplica,Descartable
dataton_owners,860005216,new81483,No_aplica,Descartable
dataton_owners,860002964,new36111,No_aplica,Descartable
dataton_owners,800091063,new87409,No_aplica,Descartable
dataton_owners,800037800,new46149,No_aplica,Descartable
dataton_owners,860002964,new31184,No_aplica,Descartable
dataton_owners,900047981,new70919,No_aplica,Descartable
dataton_owners,900378212,new88193,No_aplica,Descartable
dataton_owners,900628110,new98331,No_aplica,Descartable
dataton_owners,890203088,new90584,No_aplica,Descartable
dataton_owners,800037800,new93300,No_aplica,Descartable
dataton_owners,900378212,new84747,No_aplica,Descartable
dataton_owners,860025971,new12587,Cliente,Macroeconomia
dataton_owners,900215071,new18413,Sector,Macroeconomia
dataton_owners,900378212,new15129,No_aplica,Descartable
dataton_owners,860034313,new42883,No_aplica,Descartable
dataton_owners,800091063,new48599,No_aplica,Descartable
dataton_owners,800037800,new46877,No_aplica,Descartable
dataton_owners,860003020,new33227,No_aplica,Descartable
dataton_owners,800037800,new74890,No_aplica,Descartable
dataton_owners,860002964,new62680,No_aplica,Descartable
dataton_owners,860002964,new26473,Cliente,Macroeconomia
dataton_owners,900215071,new30695,Sector,Macroeconomia
dataton_owners,900378212,new52892,No_aplica,Descartable
dataton_owners,860005216,new28235,No_aplica,Descartable
dataton_owners,860005216,new34367,No_aplica,Descartable
dataton_owners,800091063,new24008,No_aplica,Descartable
dataton_owners,860003020,new22979,No_aplica,Descartable
dataton_owners,900047981,new95465,No_aplica,Descartable
dataton_owners,800037800,new22302,No_aplica,Descartable
dataton_owners,800037800,new66706,No_aplica,Descartable
dataton_owners,860007738,new59656,No_aplica,Descartable
dataton_owners,900406150,new74067,No_aplica,Descartable
dataton_owners,900378212,new88891,No_aplica,Descartable
dataton_owners,900628110,new31600,No_aplica,Descartable
dataton_owners,860034594,new12670,Cliente,Macroeconomia
dataton_owners,800091063,new81335,No_aplica,Descartable
dataton_owners,860002964,new67426,Cliente,Macroeconomia
dataton_owners,900628110,new41816,No_aplica,Descartable
dataton_owners,900047981,new67451,No_aplica,Descartable
dataton_owners,860054041,new51515,No_aplica,Descartable
dataton_owners,900628110,new43993,No_aplica,Descartable
dataton_owners,900047981,new97527,No_aplica,Descartable
dataton_owners,900378212,new19234,Sector,Macroeconomia
dataton_owners,860054041,new94824,Cliente,Sostenibilidad
dataton_owners,900378212,new86016,No_aplica,Descartable
dataton_owners,860005216,new62990,No_aplica,Descartable
dataton_owners,900378212,new13097,Sector,Macroeconomia
dataton_owners,900378212,new45771,No_aplica,Descartable
dataton_owners,860034594,new30418,Cliente,Macroeconomia
dataton_owners,860034594,new61126,Cliente,Innovacion
dataton_owners,800037800,new66723,No_aplica,Descartable
dataton_owners,900378212,new95001,No_aplica,Descartable
dataton_owners,900215071,new10207,Sector,Macroeconomia
dataton_owners,860032909,new57110,No_aplica,Descartable
dataton_owners,900378212,new74533,No_aplica,Descartable
dataton_owners,900628110,new90232,No_aplica,Descartable
dataton_owners,860002964,new21719,No_aplica,Descartable
dataton_owners,900047981,new73958,No_aplica,Descartable
dataton_owners,860002964,new57806,Sector,Macroeconomia
dataton_owners,900378212,new84606,Sector,Macroeconomia
dataton_owners,860005216,new48738,No_aplica,Descartable
dataton_owners,890203088,new91477,Cliente,Macroeconomia
dataton_owners,860034313,new44960,No_aplica,Descartable
dataton_owners,900628110,new15245,No_aplica,Descartable
dataton_owners,860051135,new81932,No_aplica,Descartable
dataton_owners,860003020,new46074,No_aplica,Descartable
dataton_owners,900047981,new56553,No_aplica,Descartable
dataton_owners,800037800,new65327,No_aplica,Descartable
dataton_owners,800091063,new79297,No_aplica,Descartable
dataton_owners,900215071,new32707,Sector,Macroeconomia
dataton_owners,900215071,new94186,Sector,Macroeconomia
dataton_owners,900628110,new98402,Cliente,Macroeconomia
dataton_owners,860054041,new26940,Cliente,Innovacion
dataton_owners,860034594,new24983,Cliente,Innovacion
dataton_owners,900215071,new83934,No_aplica,Descartable
dataton_owners,860005216,new65045,No_aplica,Descartable
dataton_owners,800091063,new53821,No_aplica,Descartable
dataton_owners,860005216,new77341,Sector,Sostenibilidad
dataton_owners,800091063,new19847,No_aplica,Descartable
dataton_owners,900378212,new14009,No_aplica,Descartable
dataton_owners,900378212,new45423,No_aplica,Descartable
dataton_owners,860051135,new84896,No_aplica,Descartable
dataton_owners,900378212,new94891,No_aplica,Descartable
dataton_owners,860003020,new87797,Sector,Macroeconomia
dataton_owners,890203088,new82393,No_aplica,Descartable
dataton_owners,860051135,new48048,No_aplica,Descartable
dataton_owners,860002964,new18252,No_aplica,Descartable
dataton_owners,900628110,new80728,Sector,Macroeconomia
dataton_owners,900628110,new59487,No_aplica,Descartable
dataton_owners,860003020,new18879,No_aplica,Descartable
dataton_owners,900378212,new68334,No_aplica,Descartable
dataton_owners,860034313,new45211,Sector,Macroeconomia
dataton_owners,860003020,new74185,No_aplica,Descartable
dataton_owners,860034594,new50895,Cliente,Macroeconomia
dataton_owners,900628110,new68549,No_aplica,Descartable
dataton_owners,800037800,new81085,No_aplica,Descartable
dataton_owners,860005216,new83578,No_aplica,Descartable
dataton_owners,860034594,new46803,Cliente,Macroeconomia
dataton_owners,900215071,new38856,No_aplica,Descartable
dataton_owners,800037800,new40754,No_aplica,Descartable
dataton_owners,900378212,new80579,Sector,Macroeconomia
dataton_owners,860034594,new65923,Cliente,Macroeconomia
dataton_owners,900378212,new48806,No_aplica,Descartable
dataton_owners,900628110,new49264,Sector,Macroeconomia
dataton_owners,900628110,new61557,No_aplica,Descartable
dataton_owners,900628110,new74579,No_aplica,Descartable
dataton_owners,860034313,new11622,Sector,Macroeconomia
dataton_owners,860002964,new52426,No_aplica,Descartable
dataton_owners,860002964,new42846,No_aplica,Descartable
dataton_owners,860005216,new44679,No_aplica,Descartable
dataton_owners,900047981,new79124,No_aplica,Descartable
dataton_owners,900628110,new76640,Sector,Regulaciones
dataton_owners,860034594,new51595,Cliente,Macroeconomia
dataton_owners,900628110,new93932,No_aplica,Descartable
dataton_owners,900628110,new50021,No_aplica,Descartable
dataton_owners,900047981,new89383,No_aplica,Descartable
dataton_owners,900047981,new61590,No_aplica,Descartable
dataton_owners,860034594,new77509,Cliente,Macroeconomia
dataton_owners,800091063,new82476,No_aplica,Descartable
dataton_owners,860007738,new86602,Cliente,Sostenibilidad
dataton_owners,900378212,new62140,Sector,Macroeconomia
dataton_owners,900628110,new15193,No_aplica,Descartable
dataton_owners,860002964,new56638,No_aplica,Descartable
dataton_owners,860005216,new22006,No_aplica,Descartable
dataton_owners,800091063,new79218,No_aplica,Descartable
dataton_owners,860034313,new32656,Sector,Macroeconomia
dataton_owners,900628110,new55002,No_aplica,Descartable
dataton_owners,890203088,new57827,Cliente,Macroeconomia
dataton_owners,860003020,new37914,No_aplica,Descartable
dataton_owners,900378212,new23231,No_aplica,Descartable
dataton_owners,860003020,new90136,No_aplica,Descartable
dataton_owners,860034313,new85901,No_aplica,Descartable
dataton_owners,860034594,new19270,Cliente,Macroeconomia
dataton_owners,860005216,new88624,No_aplica,Descartable
dataton_owners,860035827,new37212,No_aplica,Descartable
dataton_owners,860005216,new77417,No_aplica,Descartable
dataton_owners,800091063,new48538,No_aplica,Descartable
dataton_owners,860002964,new27090,No_aplica,Descartable
dataton_owners,800091063,new95643,No_aplica,Descartable
dataton_owners,900378212,new86773,No_aplica,Descartable
dataton_owners,860005216,new97858,No_aplica,Descartable
dataton_owners,800037800,new42796,No_aplica,Descartable
dataton_owners,900628110,new25475,No_aplica,Descartable
dataton_owners,800091063,new34197,No_aplica,Descartable
dataton_owners,900378212,new18561,No_aplica,Descartable
dataton_owners,800037800,new85154,No_aplica,Descartable
dataton_owners,800091063,new59965,No_aplica,Descartable
dataton_owners,860034313,new98460,Sector,Macroeconomia
dataton_owners,860005216,new40431,No_aplica,Descartable
dataton_owners,860003020,new86031,No_aplica,Descartable
dataton_owners,860051135,new23478,No_aplica,Descartable
dataton_owners,800091063,new79257,No_aplica,Descartable
dataton_owners,900378212,new88752,No_aplica,Descartable
dataton_owners,860051135,new68510,No_aplica,Descartable
dataton_owners,860005216,new82117,Cliente,Reputacion
dataton_owners,860005216,new11906,No_aplica,Descartable
dataton_owners,860025971,new14630,No_aplica,Descartable
dataton_owners,860002964,new36727,Cliente,Macroeconomia
dataton_owners,860002964,new62661,Cliente,Macroeconomia
dataton_owners,900378212,new68377,No_aplica,Descartable
dataton_owners,860034594,new98715,Cliente,Macroeconomia
dataton_owners,860034313,new96484,No_aplica,Descartable
dataton_owners,860034313,new21860,No_aplica,Descartable
dataton_owners,860051135,new99245,No_aplica,Descartable
dataton_owners,800037800,new71451,No_aplica,Descartable
dataton_owners,860034594,new63888,No_aplica,Descartable
dataton_owners,860005216,new24174,No_aplica,Descartable
dataton_owners,800037800,new64615,No_aplica,Descartable
dataton_owners,800091063,new79798,No_aplica,Descartable
dataton_owners,860002964,new89297,No_aplica,Descartable
dataton_owners,900215071,new12728,No_aplica,Descartable
dataton_owners,860005216,new26153,No_aplica,Descartable
dataton_owners,860054041,new39540,No_aplica,Descartable
dataton_owners,860003020,new88114,No_aplica,Descartable
dataton_owners,900378212,new74526,No_aplica,Descartable
dataton_owners,800091063,new82464,No_aplica,Descartable
dataton_owners,900378212,new38914,No_aplica,Descartable
dataton_owners,900378212,new19142,No_aplica,Descartable
dataton_owners,860002964,new63293,No_aplica,Descartable
dataton_owners,800037800,new99401,No_aplica,Descartable
dataton_owners,860051135,new29603,No_aplica,Descartable
dataton_owners,800037800,new31939,Cliente,Innovacion
dataton_owners,860005216,new92699,Cliente,Macroeconomia
dataton_owners,900378212,new21137,No_aplica,Descartable
dataton_owners,800091063,new25086,No_aplica,Descartable
dataton_owners,860034594,new51606,Cliente,Macroeconomia
dataton_owners,860051135,new45065,Sector,Macroeconomia
dataton_owners,800037800,new42125,No_aplica,Descartable
dataton_owners,860005216,new91727,Sector,Macroeconomia
dataton_owners,860034594,new22927,Cliente,Macroeconomia
dataton_owners,900047981,new25845,No_aplica,Descartable
dataton_owners,860051135,new70564,No_aplica,Descartable
dataton_owners,800091063,new89443,No_aplica,Descartable
dataton_owners,800091063,new37386,No_aplica,Descartable
dataton_owners,900378212,new62077,Sector,Innovacion
dataton_owners,860051135,new36969,No_aplica,Descartable
dataton_owners,860051135,new52205,No_aplica,Descartable
dataton_owners,900378212,new61866,Sector,Macroeconomia
dataton_owners,860034313,new96470,Cliente,Macroeconomia
dataton_owners,800091063,new36273,No_aplica,Descartable
dataton_owners,860002964,new31950,No_aplica,Descartable
dataton_owners,800037800,new27740,No_aplica,Descartable
dataton_owners,900378212,new31513,No_aplica,Descartable
dataton_owners,900378212,new60120,No_aplica,Descartable
dataton_owners,860005216,new48762,No_aplica,Descartable
dataton_owners,900215071,new73672,Sector,Macroeconomia
dataton_owners,860005216,new48728,Cliente,Macroeconomia
dataton_owners,860025971,new76074,Cliente,Macroeconomia
dataton_owners,860003020,new18168,No_aplica,Descartable
dataton_owners,800091063,new81332,No_aplica,Descartable
dataton_owners,860054041,new90435,Cliente,Innovacion
dataton_owners,900047981,new75076,No_aplica,Descartable
dataton_owners,860007738,new39499,Cliente,Macroeconomia
dataton_owners,860005216,new38523,No_aplica,Descartable
dataton_owners,900378212,new45812,No_aplica,Descartable
dataton_owners,860005216,new20106,No_aplica,Descartable
dataton_owners,900628110,new21333,No_aplica,Descartable
dataton_owners,800091063,new77174,No_aplica,Descartable
dataton_owners,860054041,new98938,Cliente,Innovacion
dataton_owners,860051135,new92251,Sector,Macroeconomia
dataton_owners,900628110,new70500,No_aplica,Descartable
dataton_owners,800037800,new93280,No_aplica,Descartable
dataton_owners,860034313,new28125,Cliente,Macroeconomia
dataton_owners,860034313,new51427,Cliente,Macroeconomia
dataton_owners,860002964,new44908,Cliente,Sostenibilidad
dataton_owners,900378212,new64304,No_aplica,Descartable
dataton_owners,800091063,new19854,No_aplica,Descartable
dataton_owners,860035827,new24930,No_aplica,Descartable
dataton_owners,860005216,new15949,Sector,Macroeconomia
dataton_owners,900047981,new42223,No_aplica,Descartable
dataton_owners,860003020,new25622,No_aplica,Descartable
dataton_owners,860054041,new35443,Cliente,Innovacion
dataton_owners,860002964,new73560,No_aplica,Descartable
dataton_owners,900215071,new43451,No_aplica,Descartable
dataton_owners,860003020,new66577,No_aplica,Descartable
dataton_owners,860035827,new39254,No_aplica,Descartable
dataton_owners,860054041,new65875,Cliente,Macroeconomia
dataton_owners,900215071,new69598,Sector,Macroeconomia
dataton_owners,860034313,new26554,Cliente,Macroeconomia
dataton_owners,900378212,new22196,Sector,Macroeconomia
dataton_owners,900628110,new25478,No_aplica,Descartable
dataton_owners,900378212,new51581,No_aplica,Descartable
dataton_owners,900047981,new32017,No_aplica,Descartable
dataton_owners,800091063,new98889,No_aplica,Descartable
dataton_owners,860002964,new33275,No_aplica,Descartable
dataton_owners,860054041,new14969,No_aplica,Descartable
dataton_owners,860034594,new66383,Sector,Macroeconomia
dataton_owners,860034594,new78668,Cliente,Macroeconomia
dataton_owners,860003020,new64548,Sector,Macroeconomia
dataton_owners,860005216,new37405,Cliente,Macroeconomia
dataton_owners,900047981,new29932,No_aplica,Descartable
dataton_owners,900406150,new82247,No_aplica,Descartable
dataton_owners,900378212,new62076,No_aplica,Descartable
dataton_owners,800037800,new65326,No_aplica,Descartable
dataton_owners,900628110,new69750,No_aplica,Descartable
dataton_owners,860005216,new38390,No_aplica,Descartable
dataton_owners,860034313,new75653,No_aplica,Descartable
dataton_owners,860003020,new15380,No_aplica,Descartable
dataton_owners,900628110,new31594,No_aplica,Descartable
dataton_owners,860005216,new71224,No_aplica,Descartable
dataton_owners,900628110,new86992,No_aplica,Descartable
dataton_owners,860003020,new49180,Sector,Innovacion
dataton_owners,860034594,new60234,Cliente,Alianzas
dataton_owners,860034594,new65935,Cliente,Sostenibilidad
dataton_owners,900047981,new32039,No_aplica,Descartable
dataton_owners,900628110,new34883,No_aplica,Descartable
dataton_owners,860005216,new83494,No_aplica,Descartable
dataton_owners,860003020,new51216,No_aplica,Descartable
dataton_owners,860007738,new86606,Cliente,Alianzas
dataton_owners,860003020,new99343,No_aplica,Descartable
dataton_owners,860003020,new69375,No_aplica,Descartable
dataton_owners,860050750,new12478,Cliente,Alianzas
dataton_owners,860005216,new83453,No_aplica,Descartable
dataton_owners,900378212,new62239,No_aplica,Descartable
dataton_owners,900378212,new59837,No_aplica,Descartable
dataton_owners,860003020,new75829,Sector,Macroeconomia
dataton_owners,800037800,new78968,No_aplica,Descartable
dataton_owners,900628110,new43962,No_aplica,Descartable
dataton_owners,860005216,new77984,Cliente,Macroeconomia
dataton_owners,860005216,new15996,No_aplica,Descartable
dataton_owners,860007738,new20714,No_aplica,Descartable
dataton_owners,800091063,new36267,No_aplica,Descartable
dataton_owners,900628110,new39809,Sector,Regulaciones
dataton_owners,860005216,new29197,Cliente,Macroeconomia
dataton_owners,860034313,new77711,No_aplica,Descartable
dataton_owners,900378212,new29452,No_aplica,Descartable
dataton_owners,860005216,new89618,Sector,Macroeconomia
dataton_owners,890203088,new11612,Cliente,Macroeconomia
dataton_owners,860005216,new50781,No_aplica,Descartable
dataton_owners,900628110,new32481,No_aplica,Descartable
dataton_owners,800037800,new87201,Sector,Innovacion
dataton_owners,860002964,new61284,Cliente,Macroeconomia
dataton_owners,860005216,new30901,Cliente,Macroeconomia
dataton_owners,860003020,new16833,No_aplica,Descartable
dataton_owners,860003020,new19480,Sector,Macroeconomia
dataton_owners,860051135,new10276,No_aplica,Descartable
dataton_owners,900628110,new91894,No_aplica,Descartable
dataton_owners,860002964,new16218,No_aplica,Descartable
dataton_owners,800037800,new66743,No_aplica,Descartable
dataton_owners,860034594,new67975,Cliente,Regulaciones
dataton_owners,900378212,new23244,No_aplica,Descartable
dataton_owners,800091063,new83318,No_aplica,Descartable
